<?xml version="1.0" encoding="utf-8"?>
<items>
<item><Titre>The influence of peers′ and siblings′ on children’s and adolescents′ healthy eating behavior. A systematic literature review</Titre><abstract>Peers and siblings are considered an important influence on children's and adolescents' food choice. However, there is a lack of studies examining how peer and sibling impact is related to children's and adolescents' eating behavior. The purpose of this study was to analyze peers' and siblings' impact on children's and adolescents' healthy eating behavior identified from a literature review, summarize the results, and discuss potential social factors that may predict these associations.</abstract><nom des auteurs>Tija Ragelienė, Alice Grønhøj</nom des auteurs><Détails >, 1 May 2020, 104592</Détails ><keywords>Adolescents, Children, Healthy eating, Peer</keywords></item>
<item><Titre>Medically unexplained symptoms in children and adolescents: Illness-related self-concept and parental symptom evaluations</Titre><abstract>According to cognitive-behavioral models, illness-related symptom evaluations and self-concepts play a pivotal role in the development and maintenance of medically unexplained somatic symptoms (MUS). However, illness-related cognitions related to MUS have rarely been studied in children/adolescents and their parents.</abstract><nom des auteurs>Stefanie M. Jungmann, Michael Witthöft</nom des auteurs><Détails >Available online 2 March 2020, 101565</Détails ><keywords>Children and adolescents, Functional somatic symptoms, Interoceptive predictive coding model, Medically unexplained somatic symptoms</keywords></item>
<item><Titre>Ecological momentary assessment of eating and dietary intake behaviors in children and adolescents: A systematic review of the literature</Titre><abstract>The objective of this review was to summarize associations between ecological momentary assessment (EMA)-measured contextual factors and eating and dietary intake behaviors in children and adolescents. The inclusion criteria were availability of the study in English and use of EMA to study eating and dietary intake behaviors among children and/or adolescents (ages&lt;18). Literature searches were conducted in PsycInfo and PubMed databases across all dates until December 2018. A modified Checklist for Reporting EMA Studies was used to assess quality of studies. Eighteen articles from 15 independent studies were included in the systematic review. Contextual factors examined in relation to children's eating in studies included affect and stress; cognitive factors; social and environment factors; behavioral factors; and caregiver-related factors. Studies suggested there is strong evidence that cognitive and social factors have an effect on eating and dietary intake behaviors while the association between affect and eating and dietary intake behaviors remains mixed. Future studies should consider timing of effects, measure choice, individual difference and contextual factors, and developmental context.</abstract><nom des auteurs>Tyler B. Mason, Bridgette Do, Shirlene WangGenevieve F. Dunton</nom des auteurs><Détails >, 1 January 2020, 104465</Détails ><keywords>Diet, Eating, Ecological momentary assessment, Children</keywords></item>
<item><Titre>Anhedonia, screen time, and substance use in early adolescents: A longitudinal mediation analysis</Titre><abstract>Screen time is associated with substance use risk among adolescents; however, less is known about the underlying factors that explain this association. Methods: This research examined anhedonia, a facet of depression noted by the reduced capacity to experience pleasure, as a mediating factor in the relationship between screen time (hours spent watching television, using internet, and/or playing video games outside of school) and substance use (alcohol and/or cigarettes). We used a longitudinal survey design among a sample of students aged 9–11 years in the 4th to 6th grades in Southern California, United States of America [N = 709 (354 males)]. Results: Structural equation modeling (SEM) findings revealed longitudinal mediation effects of anhedonia on the association between screen time and substance use, while controlling for baseline screen time, baseline individual and peer substance use, race/ethnicity, and gender. Moderation analysis based on a multiple-group approach revealed that gender was not a significant moderator of this mediation pathway. Conclusions: Adolescents may become desensitized and exhibit a blunted response to hedonic effects from increased screen time. This may result in increased anhedonia and greater risk for substance use through the need to compensate for the reduced experience of rewards. These findings have implications for future school-based substance use prevention and intervention programs.</abstract><nom des auteurs>Georgia Christodoulou, Anuja Majmundar, Chih-Ping ChouMary Ann Pentz</nom des auteurs><Détails >, January 2020, Pages 24-32</Détails ><keywords>Anhedonia, Screen time, Substance use, Adolescents</keywords></item>
<item><Titre>Processed data on the night-time use of screen-based media devices and adolescents' sleep quality and health-related quality of life</Titre><abstract>The data presented in this article relate to the research article entitled “Night-time screen-based media device use and adolescents' sleep and health-related quality of life”. The present data reports findings from the investigation of the relationship between night-time screen-based media devices (SBMD) use and both sleep quality and health-related quality of life (HRQoL) among 11 to 12-year-olds. Baseline data from a large cohort of 6,616 adolescents from 39 schools in and around London, UK, participating in the Study of Cognition Adolescents and Mobile Phone (SCAMP) were analysed. Self-report data on adolescents’ use of any SBMD (mobile phone, tablet, laptop, television etc.) were the main exposures of interest. Mobile phone and television were the most commonly used portable and non-portable device, respectively. Sleep variables were derived from self-reported weekday and/or weekend bedtime, sleep onset latency (SOL) and wake time. Sleep quality was assessed using four standardised dimensions from the Swiss Health Survey. HRQoL was estimated using the KIDSCREEN-10 questionnaire.</abstract><nom des auteurs>Michael O. Mireku, Mary M. Barker, Julian Mutz, Chen Shen, Iroise Dumontheil</nom des auteurs><Détails >, April 2019, 103761</Détails ><keywords> </keywords></item>
<item><Titre>Associations between screen time and lower psychological well-being among children and adolescents: Evidence from a population-based study</Titre><abstract>Previous research on associations between screen time and psychological well-being among children and adolescents has been conflicting, leading some researchers to question the limits on screen time suggested by physician organizations. We examined a large (</abstract><nom des auteurs>Jean M. Twenge, W. Keith Campbell</nom des auteurs><Détails >, December 2018, Pages 271-283</Détails ><keywords> </keywords></item>
<item><Titre>Preventing adverse health outcomes among children and adolescents by addressing screen media practices concomitant to sleep disturbance</Titre><abstract>None</abstract><nom des auteurs>Susan K. Riesch, Jianghong Liu, Peter G. Kaufmann, Willa M. Doswell, Sally Cohen</nom des auteurs><Détails >, July–August 2019, Pages 492-496</Détails ><keywords> </keywords></item>
<item><Titre>Night-time screen-based media device use and adolescents' sleep and health-related quality of life</Titre><abstract>The present study investigates the relationship between night-time screen-based media devices (SBMD) use, which refers to use within 1 h before sleep, in both lit and dark rooms, and sleep outcomes and health-related quality of life (HRQoL) among 11 to 12-year-olds.</abstract><nom des auteurs>Michael O. Mireku, Mary M. Barker, Julian Mutz, Iroise Dumontheil, Michael S.C. Thomas</nom des auteurs><Détails >, March 2019, Pages 66-78</Détails ><keywords>SBMD, HRQoL, SCAMP, SOL</keywords></item>
<item><Titre>Latino Fathers’ Perspectives and Parenting Practices Regarding Eating, Physical Activity, and Screen Time Behaviors of Early Adolescent Children: Focus Group Findings</Titre><abstract>Involvement of Latino fathers in food and activity parenting practices has implications for child obesity prevention yet remains largely unknown.</abstract><nom des auteurs>Youjie Zhang, Ghaffar Ali Hurtado, Rafael Flores, Antonio Alba-Meraz, Marla Reicks</nom des auteurs><Détails >, November 2018, Pages 2070-2080</Détails ><keywords>Early adolescent, Fathers, Focus group, Food and activity parenting practices</keywords></item>
<item><Titre>The Effect of Screen Viewing Duration and Self-Efficacy in Limiting Screen Viewing on Loneliness in Adolescent-Parent Dyads: An Application of the Actor-Partner Interdependence Model</Titre><abstract>To examine the influence of parents' screen viewing (SV) duration and self-efficacy in limiting SV on their adolescents' loneliness, and to explore the influence of adolescents' SV duration and self-efficacy in limiting SV on parents' loneliness.</abstract><nom des auteurs>Rumei Yang, Eunjin Lee Tracy, Francine Bench Jensen, Yun Jiang, Lauri Linder</nom des auteurs><Détails >, July–August 2019, Pages 106-113</Détails ><keywords>Screen viewing, Self-efficacy, Loneliness, Adolescent</keywords></item>
<item><Titre>Screen-based sedentary behaviors and internalizing symptoms across time among U.S. Hispanic adolescents</Titre><abstract>The pervasive use of technology has raised concerns about its association with adolescent mental health, including internalizing symptoms. Existing studies have not always had consistent findings. Longitudinal research with diverse subgroups is needed.</abstract><nom des auteurs>Tatiana Perrino, Ahnalee Brincks, Tae Kyoung Lee, Kiarabet Quintana, Guillermo Prado</nom des auteurs><Détails >, April 2019, Pages 91-100</Détails ><keywords>Screen use, Sedentary behaviors, Internalizing symptoms, Hispanic</keywords></item>
<item><Titre>The Impact of the Opioid Epidemic on Children and Adolescents</Titre><abstract>Although an epidemic of opioid-related overdose deaths has continued to increase in the United States for 2 decades, the impact of opioid use disorders (OUDs) on children and families receives minimal attention. The purpose of this commentary was to provide an overview of the impact of the opioid epidemic on children and adolescents, as well as to summarize challenges to improving outcomes for children. Children and adolescents who grow up in households with opioid misuse and OUDs may experience a myriad of adverse consequences, including: increased risk of mental health problems and drug use; accidental opioid poisoning; increased risk of developing a substance use disorder; and family dissolution that results from parents' incarceration, foster care placement, or loss of parent to an opioid overdose. Parental drug use may result in child neglect or deficits in parent–child attachment, and parents with an OUD may be less likely to be reunified with their children. OUD treatment is effective at reducing parental opioid use and improving child outcomes; however, stigma and cross-system collaboration may limit access to treatment and timely reunification of families. Children are the most vulnerable witnesses of the opioid epidemic, and further research is urgently needed to expand prevention interventions.</abstract><nom des auteurs>Erin L. Winstanley, Amanda N. Stover</nom des auteurs><Détails >, September 2019, Pages 1655-1662</Détails ><keywords>adolescent, children, opioid epidemic, overdose</keywords></item>
<item><Titre>Parental socioeconomic status, adolescents' screen time and sports participation through externalizing and internalizing characteristics</Titre><abstract>The socioeconomic status of parents is reportedly closely related to the digital screen usage and physical inactivity levels of children and adolescents. Internalizing and externalizing behavior characteristics may be linked to these associations and explain them. The purpose of the present study was to investigate the effects of parents' socioeconomic status (SES) on youths' total screen time along with physical inactivity through internalizing and externalizing behavior characteristics. Thus, we examined associations between parents' socioeconomic status (using scores based on several indicators) and adolescents' total digital screen exposure and physical inactivity level, together with the potentially predicting role of the adolescents' internalizing and externalizing behavior. For this, we assessed the internalizing and externalizing problem characteristics, total screen time exposure, physical inactivity level and parental socioeconomic status of a large cohort sample of Finnish adolescents (the Northern Birth Cohort, 1986 comprised 2899 males and 3059 females). The present study includes data collected in two phases, in 1985–1986 and 2000–2001. Path modeling suggests that a low SES of parents was directly associated with adolescents' physical inactivity level, while externalizing characteristics were a significant and additional contributing factor in adolescents' level of screen exposure in both genders. Gender moderated the relationship between adolescents' internalizing and externalizing characteristics and physical inactivity levels. The results also suggest that parents’ socioeconomic status constitutes a risk factor in relation to media screen exposure only in female adolescents. Implications of the findings are discussed.</abstract><nom des auteurs>Niko Männikkö, Heidi Ruotsalainen, Jouko Miettunen, Kaisa Marttila-Tornio, Maria Kääriäinen</nom des auteurs><Détails >, February 2020, e03415</Détails ><keywords>Psychology, Adolescent, Socioeconomic, Mental health</keywords></item>
<item><Titre>Clustering of unhealthy behaviors in a nationally representative sample of U.S. children and adolescents</Titre><abstract>Poor diet, low physical activity, sedentary behavior and smoking are modifiable risk factors for chronic diseases that often develop early in life. An improved understanding of how unhealthy behaviors co-occur within individual children across childhood and adolescence could inform the development of more effective prevention approaches. Using data from the 2011–2016 National Health and Nutrition Examination Survey, we calculated weighted prevalence of five unhealthy behaviors – excessive screen time, poor diet quality, low physical activity, fast food consumption, and smoking (adolescents only) – alone and in combination among U.S. children and adolescents, stratified by age group (2–5, 6–11, 12–15, and 16–19 years). Multivariable logistic regression was used to estimate associations between health behavior clustering (≥2 unhealthy behaviors) and sociodemographic characteristics by age group. Among 7714 children and adolescents, the most prevalent behaviors were excessive screen time and poor diet quality. Unhealthy behavior clustering increased significantly with age (from 29.0% for ages 2–5 to 73.9% for ages 16–19 years, p-trend: &lt;0.0001). The most common health behavior combination was excessive screen time and poor diet (from 14.4% prevalence for ages 2–5 to 45.3% for ages 16–19 years). Smoking prevalence was low, but 97% of smokers had ≥1 other unhealthy behavior. Unhealthy behavior clustering was significantly more prevalent among black than white children (ages 2–5 and 6–11) and less prevalent among Hispanic older adolescents (age 16–19). Associations with household characteristics varied by age group. These results provide a population-level understanding of the extent to which unhealthy behaviors co-occur in U.S. children and adolescents.</abstract><nom des auteurs>Stephanie L. Mayne, Senbagam Virudachalam, Alexander G. Fiks</nom des auteurs><Détails >, January 2020, 105892</Détails ><keywords>Health behaviors, Children, Adolescents, Diet</keywords></item>
<item><Titre>A longitudinal study on the relationship between screen time and adolescent alcohol use: The mediating role of social norms</Titre><abstract>It has been proposed that increased screen time contributes to increasing rates of adolescents abstaining from alcohol use. We argue that this proposition depends on the extent to which a type of screen time promotes social norms. We examined whether social norms mediated the association between alcohol use and i) social media, ii) television, and iii) video gaming.</abstract><nom des auteurs>Elroy Boers, Mohammad H. Afzali, Patricia Conrod</nom des auteurs><Détails >, March 2020, 105992</Détails ><keywords>Screen time, Social norms, Alcohol use, Adolescents</keywords></item>
<item><Titre>Adverse physiological and psychological effects of screen time on children and adolescents: Literature review and case study</Titre><abstract>A growing body of literature is associating excessive and addictive use of digital media with physical, psychological, social and neurological adverse consequences. Research is focusing more on mobile devices use, and studies suggest that duration, content, after-dark-use, media type and the number of devices are key components determining screen time effects. Physical health effects: excessive screen time is associated with poor sleep and risk factors for cardiovascular diseases such as high blood pressure, obesity, low HDL cholesterol, poor stress regulation (high sympathetic arousal and cortisol dysregulation), and Insulin Resistance. Other physical health consequences include impaired vision and reduced bone density. Psychological effects: internalizing and externalizing behavior is related to poor sleep. Depressive symptoms and suicidal are associated to screen time induced poor sleep, digital device night use, and mobile phone dependency. ADHD-related behavior was linked to sleep problems, overall screen time, and violent and fast-paced content which activates dopamine and the reward pathways. Early and prolonged exposure to violent content is also linked to risk for antisocial behavior and decreased prosocial behavior. Psychoneurological effects: addictive screen time use decreases social coping and involves craving behavior which resembles substance dependence behavior. Brain structural changes related to cognitive control and emotional regulation are associated with digital media addictive behavior. A case study of a treatment of an ADHD diagnosed 9-year-old boy suggests screen time induced ADHD-related behavior could be inaccurately diagnosed as ADHD. Screen time reduction is effective in decreasing ADHD-related behavior.</abstract><nom des auteurs>Gadi Lissak</nom des auteurs><Détails >, July 2018, Pages 149-157</Détails ><keywords>Screen time, Children, Adolescents, ADHD</keywords></item>
<item><Titre>Vitamin D Screening Variations in Children and Adolescents: Who should be Screened?</Titre><abstract>No consensus on vitamin D deficiency (VDD) screening in children and adolescents exists. Early VDD detection can improve the health of children. VDD can cause bone mineralization diseases, such as rickets in children. The purpose of this review is to determine existing VDD screening recommendations or clinical practice guidelines in children and adolescents.</abstract><nom des auteurs>Renée L. Davis, Alongkorn Aksornsri, Michelle M. Papachrisanthou</nom des auteurs><Détails >, March–April 2019, Pages 57-61</Détails ><keywords>Vitamin D deficiency, Screening, Guideline, Children</keywords></item>
<item><Titre>The association between excessive screen-time behaviors and insufficient sleep among adolescents: Findings from the 2017 youth risk behavior surveillance system</Titre><abstract>Although studies have examined the association between television viewing and poor sleep quality, few studies have considered the association between excessive screen-time behaviors and insufficient sleep among adolescents drawing on a large nationally representative sample. The objective of this study was to examine the association between excessive screen-time behaviors and insufficient sleep among adolescents. Data for this study came from the 2017 Youth Risk Behavior Survey. A sample of 14,603 adolescents aged 14–18 years (51.5% female) was analyzed using logistic regression with insufficient sleep as the outcome variable and excessive screen-time behaviors as the main explanatory variable. Of the 14,603 adolescents, almost three out of four (74.8%) had less than 8 h of sleep on an average school night, and about 43% engaged in excessive screen-time behaviors on an average school day. Controlling for all other predictors, odds were 1.34 times higher for adolescents who engaged in excessive screen-time behaviors to have insufficient sleep when compared to adolescents who did not engage in excessive screen-time behaviors (</abstract><nom des auteurs>Philip Baiden, Savarra K. Tadeo, Kersley E. Peters</nom des auteurs><Détails >, November 2019, 112586</Détails ><keywords>Insufficient sleep, Excessive screen-time behaviors, Depression, Adolescents</keywords></item>
<item><Titre>Concordance of Child and Parent Reports of Children's Screen Media Use</Titre><abstract>Little is known about the concordance of parent and child reports of children's media consumption, even though parents are often asked to report for their children in clinical care settings. Our objective was to understand how parent and child reports of children's media consumption differ in an era of changing screen media consumption via personal devices.</abstract><nom des auteurs>Charles T. Wood, Asheley Cockrell Skinner, Jane D. Brown, Callie L. Brown, Janna B. Howard</nom des auteurs><Détails >, July 2019, Pages 529-533</Détails ><keywords>media use, parent-child concordance, screen time</keywords></item>
<item><Titre>Decreases in self-reported sleep duration among U.S. adolescents 2009–2015 and association with new media screen time</Titre><abstract>Insufficient sleep among adolescents carries significant health risks, making it important to determine social factors that change sleep duration. We sought to determine whether the self-reported sleep duration of U.S. adolescents changed between 2009 and 2015 and examine whether new media screen time (relative to other factors) might be responsible for changes in sleep.</abstract><nom des auteurs>Jean M. Twenge, Zlatan Krizan, Garrett Hisler</nom des auteurs><Détails >, November 2017, Pages 47-53</Détails ><keywords>Sleep duration, Electronic device use, Adolescents, Screen time</keywords></item>
<item><Titre>Adolescents’ engagement with unhealthy food and beverage brands on social media</Titre><abstract>Food-related promotion of brands via social media represents an increasingly important youth-targeted marketing strategy, but little is known about how adolescents interact with these brands online. This study measures adolescents’ social media engagement with food/beverage brands, sociodemographic differences in level of engagement, and relationships between engagement and screen time.</abstract><nom des auteurs>Frances Fleming-Milici, Jennifer L. Harris</nom des auteurs><Détails >, 1 March 2020, 104501</Détails ><keywords>Advertising, Food marketing, Adolescents, Social media</keywords></item>
<item><Titre>Prebedtime Screen Use in Adolescents: A Survey of Habits, Barriers, and Perceived Acceptability of Potential Interventions</Titre><abstract>This study aimed to investigate (1) access to screens and screen use in the hour before bedtime and in bed; (2) attitudes and barriers to reducing screen time, and (3) perceptions of potential interventions to reduce screen time to benefit the sleep of New Zealand adolescents.</abstract><nom des auteurs>Claire Smith, Tanja de Wilde, Rachael W. TaylorBarbara C. Galland</nom des auteurs><Détails >Available online 7 February 2020</Détails ><keywords>Screens, Prebedtime, Sleep, Adolescents</keywords></item>
<item><Titre>Associations between screen time and short sleep duration among adolescents varies by media type: evidence from a cohort study</Titre><abstract>Different types of electronic screen media have repeatedly been linked to impaired sleep; yet, how different uses of electronic media are linked to sleep has received much less attention. Currently, the role of chronotype in these associations is understudied. To address these gaps, this study examined how different uses of screen media are linked to sleep, and whether these associations were accounted for or differed across chronotype.</abstract><nom des auteurs>Garrett Hisler, Jean M. Twenge, Zlatan Krizan</nom des auteurs><Détails >, February 2020, Pages 92-102</Détails ><keywords>Sleep duration, Electronic device use, Screen media, Chronotype</keywords></item>
<item><Titre>Different aspects of electronic media use, symptoms and neurocognitive outcomes of children and adolescents in the rural Western Cape region of South Africa</Titre><abstract>Electronic media use is increasing in low- and middle-income countries, thus we aim to investigate the prevalence of different aspects of e-media use and its association to symptoms and neurocognitive outcomes in rural South Africa.</abstract><nom des auteurs>Shala Chetty-Mhlanga, Samuel Fuhrimann, Marloes Eeftens, Wisdom Basera, Stella Hartinger</nom des auteurs><Détails >Available online 4 March 2020, 109315</Détails ><keywords>School-age children and adolescents, Symptoms, Neurocognitive outcomes, Electronic media use</keywords></item>
<item><Titre>Associations between screen time, negative life events, and emotional and behavioral problems among Chinese children and adolescents</Titre><abstract>Mental health problems among children and adolescents are a pressing public health issue. This study aimed to investigate the associations between screen time (ST), negative life events (NLEs), and emotional and behavioral problems (EBPs) among Chinese children and adolescents.</abstract><nom des auteurs>Yun Song, Luxiu Li, Yuanyuan Xu, Guixia Pan, Fangbiao Tao</nom des auteurs><Détails >, 1 March 2020, Pages 506-512</Détails ><keywords>Screen time, Negative life events, Emotional and behavioral problems, Children</keywords></item>
</items>